"beatmapset_id","beatmap_id","hit_length","diff_size","diff_overall","diff_approach","diff_drain","max_combo","difficultyrating","bpm","favourite_count","approved_ranked","genre_anime","genre_pop","language_japanese","playcount_per_day"
701681,1529054,215,3,3,5,3,511,1.52350199222565,115,0,0,0,0,0,1.8
693750,1475927,224,3.1,2,3,2,684,1.49045360088348,182,21,0,0,0,1,2.25
701681,1517442,215,3.5,5,6.5,4,653,2.592209815979,115,0,0,0,0,0,5.4
734190,1569780,109,3.5,4,5,4,412,2.32053518295288,210,12,0,0,0,0,6.75
734190,1603225,113,2.8,2,3,3,323,1.65962719917297,210,12,0,0,0,0,6.75
693750,1468455,225,3,4,5,3,892,2.18307566642761,182,21,0,0,0,1,6.75
708148,1576393,173,2.5,3,3,3,284,1.50169932842255,78,1,0,0,0,0,9
676178,1442134,32,3,2,3,3,97,1.4772435426712,171,0,0,1,0,0,7.2
676178,1448179,32,3.5,4,5,4,120,2.06656646728516,171,0,0,1,0,0,7.2
545150,1585607,232,3,3,3,2,556,1.527960896492,160,2,0,0,0,1,9
742085,1566726,102,3,4,5.5,3,352,1.87214827537537,155,3,0,0,0,1,12
594067,1396904,113,3,2,3,2,318,1.5405478477478,178,22,0,0,1,1,9
693750,1493107,211,4,5,7,5,1096,2.97980523109436,182,21,0,0,0,1,11.25
737103,1572025,235,3,3,3,3,386,1.28985226154327,108,16,0,1,0,1,10.8
545150,1603069,231,3.5,6,6,4,757,2.17857193946838,160,2,0,0,0,1,13.5
693750,1484413,211,4.3,7,8,6,1145,3.82010102272034,182,21,0,0,0,1,13.5
703515,1488391,320,4,7,8,4,1411,3.48099422454834,126,2,0,0,0,1,15.75
586296,1241714,89,4,6.5,7.5,5.5,398,3.18178725242615,153,21,0,1,0,1,15.75
693750,1479714,228,4.5,9,9,7.5,1271,5.86235761642456,182,21,0,0,0,1,15.75
742085,1585599,102,3.5,6,7.5,6,562,2.99986124038696,155,3,0,0,0,1,21
742085,1589985,102,3,2,3,2,278,1.72224164009094,155,3,0,0,0,1,21
705769,1506923,116,3.6,5,5.5,4,418,2.45373225212097,96,12,0,0,0,0,24
735328,1552381,151,3,4,5,4,378,1.76499259471893,108,6,0,1,0,1,16.2
701681,1484970,214,4,7,8,7,889,3.56524753570557,115,0,0,0,0,0,18
734190,1575929,128,4,8,9.4,6,1031,5.53753471374512,210,12,0,0,0,0,22.5
545150,1260366,238,4.2,7.6,8,4,1071,3.21676778793335,160,2,0,0,0,1,24.75
734190,1562549,127,5,8.5,9.5,6,829,5.58462858200073,210,12,0,0,0,0,24.75
705769,1500649,116,3.3,3,2,2,314,1.9223085641861,96,12,0,0,0,0,33
676178,1445118,32,3.5,6,7,5,155,3.19075107574463,171,0,0,1,0,0,21.6
735328,1552422,151,3,1,1,2,258,1.04039251804352,108,6,0,1,0,1,21.6
734190,1562547,101,4,8.6,9.6,6,823,5.72436904907227,210,12,0,0,0,0,27
708148,1497219,175,4,6,6,6,458,2.38600897789001,78,1,0,0,0,0,36
737103,1577637,222,4,5,6.5,5,701,2.4975802898407,108,16,0,1,0,1,25.2
705769,1528926,117,3.6,6,8,5,575,3.07882237434387,96,12,0,0,0,0,42
536219,1138411,93,3,4,4,2,237,1.56738197803497,160,14,0,1,0,1,36
734190,1562546,115,4.5,9,9.6,6,968,5.65554904937744,210,12,0,0,0,0,36
594067,1565677,112,4.3,8.5,9.2,6,620,5.40467929840088,178,22,0,0,1,1,30.6
737103,1572026,234,4,4,5,4,594,1.83749425411224,108,16,0,1,0,1,30.6
693750,1485831,228,4,8.4,9,4,1406,5.4918065071106,182,21,0,0,0,1,38.25
430693,929297,113,3.5,6,7,5,534,3.28251028060913,170,12,0,0,0,1,38.25
586296,1241712,89,3.5,3,4.5,3,249,1.68288350105286,153,21,0,1,0,1,40.5
705769,1493143,118,3,8,9,7,722,5.34043741226196,96,12,0,0,0,0,54
687129,1454084,85,2.8,4,5,4,336,1.99295747280121,259,31,0,0,0,0,34.2
594067,1277965,113,3.9,8,9,6,534,4.66736936569214,178,22,0,0,1,1,34.2
536219,1151255,93,3.3,4,5,4,301,1.89556586742401,160,14,0,1,0,1,42.75
586296,1241710,89,3.6,5,6.5,4,386,2.88631010055542,153,21,0,1,0,1,42.75
734352,1599002,74,3.5,4,4,4,229,1.71704924106598,143,4,0,1,0,1,57
594067,1260950,112,3.8,6.8,7.4,5.2,513,3.34022045135498,178,22,0,0,1,1,36
545150,1155066,238,4.2,7.6,8.8,6,1150,3.94122099876404,160,2,0,0,0,1,45
594067,1256622,113,3,5,4.5,2,382,2.08007478713989,178,22,0,0,1,1,37.8
594067,1257819,112,4,8.2,9,6,523,4.7225456237793,178,22,0,0,1,1,37.8
536219,1351579,93,3.7,6,6,4,351,2.29692101478577,160,14,0,1,0,1,47.25
705769,1512291,117,3.2,7.5,9,6.5,700,4.13925838470459,96,12,0,0,0,0,66
737103,1593544,235,4,6,8,6,1070,3.59829330444336,108,16,0,1,0,1,41.4
687129,1454088,84,3.5,5,7.5,5,352,2.72682738304138,259,31,0,0,0,0,43.2
607014,1282252,297,3.7,7,8,5,978,3.43988037109375,155,15,0,1,0,1,54
734190,1550984,127,4,8.4,9.4,5.2,1010,5.15109395980835,210,12,0,0,0,0,54
430693,1145110,113,3.5,3,4,3,397,2.13158392906189,170,12,0,0,0,1,54
536219,1208771,93,4,7,8,5,454,3.22566151618958,160,14,0,1,0,1,58.5
734190,1597776,121,4.3,8.6,9.3,6.5,1073,5.30800199508667,210,12,0,0,0,0,58.5
586296,1241711,89,4,7,9.2,6,486,4.34671545028687,153,21,0,1,0,1,58.5
586296,1241713,89,4,7,8.2,6,484,3.96995639801025,153,21,0,1,0,1,58.5
693750,1496163,228,3.8,8,9,6,1352,4.89186429977417,182,21,0,0,0,1,58.5
594067,1282628,112,4.1,8.8,9.2,5,594,5.59294462203979,178,22,0,0,1,1,48.6
735328,1552292,157,2.7,5,6,5,462,2.79235744476318,108,6,0,1,0,1,50.4
536219,1352221,93,4,7,8.5,5,490,3.70140218734741,160,14,0,1,0,1,63
594067,1261280,112,4,8.3,9.2,5,548,5.04713726043701,178,22,0,0,1,1,52.2
737103,1558333,198,4,6.9,9,6.9,984,4.50933122634888,108,16,0,1,0,1,52.2
676178,1445924,33,5.5,8.3,9.2,6,193,4.82616996765137,171,0,0,1,0,0,54
742085,1565351,102,3.8,8,9,6,653,4.28635406494141,155,3,0,0,0,1,90
730367,1553461,107,3,4,5,3,350,2.33293962478638,183,2,0,0,0,1,96
734352,1552095,90,4,5,6,4,496,3.20488882064819,143,4,0,1,0,1,96
734190,1550983,116,4,6.5,8,4,620,3.4521017074585,210,12,0,0,0,0,76.5
734190,1559606,115,3.8,8,9,5,810,4.51768159866333,210,12,0,0,0,0,76.5
594067,1278251,102,4,7.5,8.7,5.2,495,4.05169534683228,178,22,0,0,1,1,64.8
687129,1454086,85,3.5,6,8,5,547,3.27660441398621,259,31,0,0,0,0,70.2
676178,1430193,32,4,8,8.7,6,177,4.26025772094727,171,0,0,1,0,0,72
730367,1565293,107,4,7,9,6,702,4.80403470993042,183,2,0,0,0,1,120
762232,1602637,208,3.4,6,8,5,1034,3.33640432357788,240,10,0,1,0,1,96.75
730367,1569936,107,4,6,8,5,560,3.47024130821228,183,2,0,0,0,1,135
750363,1580161,362,4,7.8,9,4,3028,5.07392168045044,120,27,0,0,0,0,103.5
687129,1454083,98,4,7,9,6,738,4.27320957183838,259,31,0,0,0,0,84.6
693750,1467902,228,4.5,8.7,9.5,6.5,1473,6.06551313400269,182,21,0,0,0,1,114.75
687129,1454087,98,4.2,9.8,10,6,880,7.49162864685059,259,31,0,0,0,0,93.6
734190,1562545,121,4.5,9,9.6,6,1056,5.75630617141724,210,12,0,0,0,0,119.25
687129,1454085,98,4.5,10,10,6,892,8.41850852966309,259,31,0,0,0,0,100.8
712372,1505901,328,4,9,9.5,5,2614,6.09612226486206,192,12,0,0,0,0,177
430693,1025276,113,4,7.2,9.3,6,911,4.66800451278687,170,12,0,0,0,1,135
536219,1209775,93,3.8,8,9,6,489,4.29070377349854,160,14,0,1,0,1,144
705769,1492621,118,4,8,9.5,7,757,5.60473823547363,96,12,0,0,0,0,195
762232,1602633,198,3.2,4,5,4,746,2.27646803855896,240,10,0,1,0,1,148.5
687129,1454089,94,3.8,9,9.6,6,908,6.27156352996826,259,31,0,0,0,0,122.4
734352,1549486,89,4,7,8.5,6,519,4.09782266616821,143,4,0,1,0,1,210
762232,1602634,204,3.2,8,9,5,1446,4.61274433135986,240,10,0,1,0,1,159.75
737103,1555562,246,4,8,9,7,1369,5.37150239944458,108,16,0,1,0,1,131.4
736439,1554312,312,4,8.7,9.2,4.8,1735,5.86067056655884,180,7,0,0,0,1,164.25
687129,1454082,95,4,8.7,9.5,6,756,5.32010269165039,259,31,0,0,0,0,133.2
762232,1602635,208,4,8.3,9.3,5.5,1451,5.57056331634521,240,10,0,1,0,1,171
734190,1563057,119,4,8,9.6,4,790,6.03442192077637,210,12,0,0,0,0,180
449225,1036976,121,3,2,3,3,345,1.60147750377655,182,84,0,0,0,0,60.2307692307692
420532,910450,146,3,2,3,3,298,1.56296336650848,132,8,1,0,0,0,64.3846153846154
750363,1580160,362,4.5,8.9,9.4,5,3111,6.30967235565186,120,27,0,0,0,0,211.5
449225,988197,124,4.5,8,9.4,5,955,6.08609437942505,182,84,0,0,0,0,69.2307692307692
594067,1278221,112,4.1,8.7,9.3,5.5,551,5.61144018173218,178,22,0,0,1,1,185.4
730367,1541404,107,4.2,8.2,9.2,6.2,812,5.64964437484741,183,2,0,0,0,1,309
754985,1589320,334,4.5,9,9.3,6,3155,5.57320213317871,180,9,0,0,0,0,321
449225,989854,116,3,3,4,4,291,1.98219740390778,182,84,0,0,0,0,75.4615384615385
449225,1093629,124,4,8,9.5,5,1042,6.07074975967407,182,84,0,0,0,0,76.8461538461538
692068,1464584,86,4,8.5,9.5,5,743,5.66920804977417,201,45,1,0,0,0,80.3076923076923
692068,1498891,97,4.2,7.5,9.2,6,864,5.19201469421387,201,45,1,0,0,0,81.6923076923077
692068,1464581,97,4.7,8,9.2,6,850,5.50573921203613,201,45,1,0,0,0,85.1538461538462
692068,1517055,97,4,8,9.5,6,967,5.81423377990723,201,45,1,0,0,0,94.8461538461538
712848,1509539,168,3,4,5,3,443,1.6501966714859,118,18,1,0,0,0,112.909090909091
147210,750791,226,3,4,3,3,565,1.11828565597534,222.22,230,0,0,0,0,98.3076923076923
692068,1464591,92,4,8.5,9.5,6.5,763,5.72271156311035,201,45,1,0,0,0,99.6923076923077
147210,428275,227,4,5,5,3,727,1.98398005962372,222.22,230,0,0,0,0,105.230769230769
762232,1602636,204,4.2,8.7,9.4,5.7,1477,6.39666652679443,240,10,0,1,0,1,344.25
449225,969438,123,4.4,8,9.3,5,907,5.78174495697021,182,84,0,0,0,0,114.230769230769
449225,983759,124,3.5,6,7.5,4,510,2.88737654685974,182,84,0,0,0,0,114.923076923077
412460,1069082,79,2.8,2.5,3.5,2,252,1.5764217376709,215,207,0,0,0,0,117
420532,924538,146,4,4,5,4,468,2.50518870353699,132,8,1,0,0,0,119.769230769231
536219,1347936,93,4,8.5,9,6,516,5.14144897460938,160,14,0,1,0,1,393.75
642706,1366033,108,3.5,4,5,3,429,2.06588816642761,170,28,1,1,0,0,340.2
691223,1491476,29,5.5,8.5,9.1,6,202,5.50825786590576,240,25,1,1,0,1,579
732639,1565966,227,3,4,5,4,530,1.50103998184204,74,14,1,0,1,0,153.75
720882,1522331,243,4.3,8.7,9.3,6,1218,5.76419496536255,176,87,1,0,1,1,209
663138,1485039,32,3.2,4.3,6,3,145,2.38665556907654,185,24,1,1,0,1,376.2
717232,1515839,78,4,4,4,4,139,1.70902991294861,73,16,1,0,0,0,474.75
642706,1456145,108,3,2,2,2,306,1.60572063922882,170,28,1,1,0,0,383.4
449225,1359683,124,3.8,7,8.8,5,714,3.84447574615479,182,84,0,0,0,0,149.538461538462
692068,1464582,84,4.3,8.5,9.6,6.5,691,5.64533853530884,201,45,1,0,0,0,155.076923076923
750391,1580209,68,3,2,3,2,201,1.81046605110168,185,26,1,0,1,1,678
720367,1520914,69,3,3,3,2,141,1.61320114135742,157.95,31,1,0,1,1,423
695009,1482402,89,3.4,5,6,4,411,2.45532894134521,160,58,1,0,0,0,237
620345,1307428,186,2.5,3,3,2,517,1.38580179214478,108,40,1,0,1,0,357
449225,963973,124,4,8,9.5,5,885,6.26100158691406,182,84,0,0,0,0,165.461538461538
692068,1464587,92,4.3,9,9.7,6,738,5.69669628143311,201,45,1,0,0,0,169.615384615385
620345,1580254,186,3,4.5,5,4,637,2.12774991989136,108,40,1,0,1,0,369
663138,1416792,29,2.5,2,3,2,89,1.39752757549286,185,24,1,1,0,1,453.6
750391,1580212,68,3.5,4,5,4,258,2.11181497573853,185,26,1,0,1,1,759
449225,970417,128,4,8,9,5.5,795,4.92244291305542,182,84,0,0,0,0,180
712848,1514444,181,3,5,6,4,622,2.67452883720398,118,18,1,0,0,0,212.727272727273
700384,1482748,100,2.5,2,3,2,288,1.53801786899567,173,73,1,0,0,1,801
663138,1427155,32,3.5,4,5,4,127,2.18733882904053,185,24,1,1,0,1,495
720882,1522332,232,4.4,8.6,9.2,5,1309,5.62056350708008,176,87,1,0,1,1,277
669138,1423766,119,3.2,4,5,4,376,1.74673461914062,135,35,1,0,1,1,502.2
289225,652034,336,4,8.5,9.3,6,2257,6.29676675796509,190,243,0,0,0,0,193.846153846154
712848,1518429,181,4,6,8,5,852,3.92078828811646,118,18,1,0,0,0,232.363636363636
708607,1498016,48,4.2,5,5,4,107,1.46661698818207,100,26,1,0,0,0,442.5
695009,1475903,86,3.2,4,5,4,360,1.99001395702362,160,58,1,0,0,0,297
691223,1462807,29,3.8,7.2,8.2,5,124,3.56774735450745,240,25,1,1,0,1,915
469377,1073276,197,3.5,4,5,4,546,1.80888950824738,176,498,0,0,0,0,213.923076923077
718359,1518724,85,3,3,3,3,238,1.59711802005768,121,16,1,1,0,1,314
673290,1513093,88,4,8,9.3,5,490,4.56214380264282,148,34,1,1,0,1,358.875
420532,1329029,146,5,6,7,6,605,3.53569006919861,132,8,1,0,0,0,222.923076923077
663138,1403752,32,3.5,6,7.5,5.5,168,2.81092190742493,185,24,1,1,0,1,586.8
748273,1576396,86,4,5,7,5,395,2.93117761611938,160,37,1,1,0,1,978
700384,1482751,100,3,3,5,3,310,1.9216570854187,173,73,1,0,0,1,978
748273,1576398,86,3,4,4,4,282,1.82879722118378,160,37,1,1,0,1,984
748273,1581404,86,3.5,4.5,6,4.5,319,2.26302242279053,160,37,1,1,0,1,984
669138,1415357,114,2.8,2,3,2,273,1.29133057594299,135,35,1,0,1,1,592.2
724120,1531189,99,2.5,2,2,2,300,1.63333606719971,190,36,1,0,0,1,270.818181818182
747490,1575077,84,3.2,2,3,2,179,1.36090648174286,78,59,1,1,0,1,996
669138,1456972,119,3.5,5,6,5,438,2.31099843978882,135,35,1,0,1,1,608.4
695009,1470239,86,3,2,3,2,321,1.46410095691681,160,58,1,0,0,0,342
751977,1583072,175,3.5,5,6,4,626,2.45944619178772,176,29,1,0,0,1,384.75
704050,1542138,189,3,3,4,2,456,1.79483354091644,155,65,1,0,0,1,238.153846153846
718359,1579909,85,3.2,5,5.9,4,272,2.35739469528198,121,16,1,1,0,1,346
731892,1544394,307,4.2,8,8.7,7.2,1447,4.39301729202271,164,12,1,0,0,1,312.3
692068,1464585,97,5,8,9.1,6,773,4.86904954910278,201,45,1,0,0,0,242.307692307692
623960,1315800,168,3.5,3,3,3,483,1.6180716753006,185,105,1,0,0,1,352
718855,1566093,85,3.7,8.3,9.3,6,563,5.0172233581543,197,29,1,1,0,1,644.4
751977,1583073,164,3,4,5,3,450,1.99665069580078,176,29,1,0,0,1,406.125
718855,1519993,88,3.5,3.5,4.5,3,279,1.75986170768738,197,29,1,1,0,1,649.8
477006,1019974,84,4,4,5,3,276,1.88551437854767,172,27,1,1,0,0,232.714285714286
720882,1522329,240,4.2,8.5,9.4,6,1283,5.98742341995239,176,87,1,0,1,1,363
720882,1522327,234,3,3,4,3,593,1.73066282272339,176,87,1,0,1,1,367
691223,1490978,29,3,9,9.6,7,136,5.24385452270508,240,25,1,1,0,1,1104
717232,1515342,78,6,7,7.5,6,155,2.2515230178833,73,16,1,0,0,0,841.5
745838,1573595,107,3,2,3,2,272,1.51064372062683,170,51,1,0,0,1,281.25
673290,1512436,88,4.4,7.3,8.7,5,436,3.93392515182495,148,34,1,1,0,1,421.875
692068,1473811,75,3,3,4.5,3.5,199,1.50304532051086,201,45,1,0,0,0,260.307692307692
477006,1019069,81,3,2,3,2,235,1.36858069896698,172,27,1,1,0,0,242.357142857143
691223,1463940,29,3,2,3.5,2,100,1.42469716072083,240,25,1,1,0,1,1137
720367,1520916,69,4,5,5,4,186,2.2671844959259,157.95,31,1,0,1,1,691.2
712848,1506699,194,4,8,9,6,1093,5.56119012832642,118,18,1,0,0,0,315
747490,1575102,84,3.2,4,5,4,247,1.76372039318085,78,59,1,1,0,1,1161
712848,1527740,194,4,8,9,6,976,4.47053194046021,118,18,1,0,0,0,318.272727272727
642706,1366939,108,3.7,6,8,4,593,3.42300987243652,170,28,1,1,0,0,712.8
727098,1536939,85,3,2,2,2,226,1.53824532032013,170,38,1,1,0,1,364.5
419257,1496706,107,3,2,3.5,2,258,1.56568884849548,100,71,1,0,0,1,460.125
147210,660071,226,4,7,7,3,1102,2.95027709007263,222.22,230,0,0,0,0,288.692307692308
647452,1570547,227,4,8.5,9.6,6,1599,6.52301645278931,240,167,1,0,0,1,289.384615384615
645032,1369984,180,3,3,3,4,366,1.29488086700439,130,38,1,0,1,0,377.1
673290,1512564,85,2,3,4,2,234,1.57437801361084,148,34,1,1,0,1,474.75
718359,1517374,85,4,7,7.5,5,393,2.92030239105225,121,16,1,1,0,1,428
426548,962442,274,3.8,6,7,6,828,2.96869611740112,75,65,1,1,0,1,323.25
691223,1466692,29,3.4,4,5.5,3,119,2.21158075332642,240,25,1,1,0,1,1296
692068,1464589,83,3,4,5.5,4,258,2.0640549659729,201,45,1,0,0,0,301.846153846154
691223,1475861,29,3,6,7,4,129,2.89506244659424,240,25,1,1,0,1,1311
673290,1424955,88,4,8,8,5,432,3.43707418441772,148,34,1,1,0,1,495
696085,1489403,226,3,2,3,2,502,1.43456518650055,149,82,1,1,0,1,363.272727272727
743084,1583428,150,3.3,4,5,4,445,1.75778305530548,138,51,1,0,1,1,446
547821,1161823,113,2.5,3,4,3,334,1.59038937091827,201,61,1,0,0,1,339
732639,1545751,227,3.8,7,7.5,6,628,2.74311947822571,74,14,1,0,1,0,339.75
692068,1464590,88,4,8,9.5,6.5,710,5.29890537261963,201,45,1,0,0,0,315
710379,1501713,86,4,5,5,5,210,1.61867940425873,146,33,1,1,0,1,294.428571428571
738588,1558713,198,3.7,6,5.5,5,569,2.06748199462891,97,37,1,0,1,0,416.7
645032,1371624,180,4,4,4.5,5,467,1.65865707397461,130,38,1,0,1,0,417.6
426548,963764,274,3,4,5,4,714,1.99336230754852,75,65,1,1,0,1,348.75
691223,1462875,29,5,9.4,9.8,6,210,5.95538473129272,240,25,1,1,0,1,1401
720882,1522334,243,3.5,4.5,6,4.4,801,2.40324759483337,176,87,1,0,1,1,468
718855,1540964,84,3.7,6.5,8,4.5,453,3.19418931007385,197,29,1,1,0,1,842.4
710379,1501690,86,5,6,7,6,283,2.74691915512085,146,33,1,1,0,1,302.142857142857
724120,1530746,99,3,3,4,3,333,2.27266454696655,190,36,1,0,0,1,396.818181818182
720402,1533377,190,3,2,3,2,519,1.42544078826904,161,103,1,1,0,1,364.5
147210,803964,225,4.1,9,9.3,3,2076,6.66061544418335,222.22,230,0,0,0,0,337.846153846154
751977,1583074,176,3.8,6.2,7.5,4.5,821,3.30122756958008,176,29,1,0,0,1,551.25
708607,1498015,45,3.1,3,3,2.5,88,1.15242528915405,100,26,1,0,0,0,736.5
745838,1573670,106,3.5,4,5,4,375,2.11092853546143,170,51,1,0,0,1,372
704050,1540880,201,3.5,4,4.8,3.5,610,2.06576442718506,155,65,1,0,0,1,350.307692307692
673290,1512426,88,3.5,7,8,4,322,2.77858090400696,148,34,1,1,0,1,569.25
695009,1493005,89,3.6,6,7.5,5,414,3.05394577980042,160,58,1,0,0,0,508
750391,1580210,68,3.7,6,8,5,343,3.40111970901489,185,26,1,0,1,1,1530
718855,1586963,88,5.5,8.7,9.4,6,614,5.70049858093262,197,29,1,1,0,1,923.4
718855,1542112,85,3.8,8,9,5,446,4.30114459991455,197,29,1,1,0,1,936
620345,1527847,195,4,6,7,5,860,2.82074809074402,108,40,1,0,1,0,783
673290,1512435,88,4,8,9,5,518,4.63534927368164,148,34,1,1,0,1,589.5
743084,1583427,151,2.5,2,3,2,370,1.46788060665131,138,51,1,0,1,1,526
581787,1395149,118,2.5,2,3,2,322,1.47699642181396,170,177,1,0,0,0,594
572809,1327942,85,4,6.5,7.5,6,306,2.85969805717468,168,58,1,1,0,1,959.4
572809,1500550,85,3.5,4,4.5,4,211,1.86624491214752,168,58,1,1,0,1,970.2
569820,1208428,171,3,3,5,3,496,1.86608195304871,120,38,1,0,1,0,347.785714285714
645032,1461758,180,4.2,7.6,8.5,6,777,3.59883570671082,130,38,1,0,1,0,486.9
446774,959405,197,3,2,3,2,542,1.49648308753967,180,529,0,0,0,0,377.307692307692
721227,1522980,297,4.1,8,8.5,6,1349,3.86249184608459,90,17,1,1,0,1,411
696085,1488691,227,3.5,4,5,4,652,1.92766058444977,149,82,1,1,0,1,455.727272727273
727098,1536938,87,3.5,4,5,4,339,2.01276564598083,170,38,1,1,0,1,501.3
562299,1569099,105,3,4,5,3,407,1.98139798641205,142,52,1,0,0,0,507.6
610758,1289517,303,4,7.5,8,6,1531,3.63023924827576,127.667,30,1,0,1,1,391.153846153846
747490,1575078,82,3.5,6,7.5,5,324,2.76668643951416,78,59,1,1,0,1,1695
572809,1325436,85,4,7,8,6,420,3.26021575927734,168,58,1,1,0,1,1020.6
469377,1073277,180,4,8.3,9.4,5.5,1035,6.38173246383667,176,498,0,0,0,0,396.692307692308
663138,1432556,33,4,8.4,9,6.2,193,4.59690713882446,185,24,1,1,0,1,1031.4
695009,1470238,89,4,8.5,9,6.5,529,4.56263828277588,160,58,1,0,0,0,581
658919,1533512,67,3.5,3,4.5,3,166,1.74006998538971,160,43,1,1,0,0,447.75
645032,1459189,194,4,7,7,6,726,2.9047417640686,130,38,1,0,1,0,538.2
688824,1477705,91,3,2,3.3,2,261,1.59385704994202,190,60,1,0,0,1,1083.6
692068,1464580,83,3.3,5,8,4,367,2.91404151916504,201,45,1,0,0,0,417.461538461538
575809,1219210,160,4,9,9.4,4,1168,6.20048713684082,145,168,0,0,0,0,418.153846153846
562299,1292178,116,4.5,8.6,9,5.5,824,4.98437929153442,142,52,1,0,0,0,546.3
673290,1425913,88,3,5,6,3,266,1.87176811695099,148,34,1,1,0,1,684
740458,1562170,86,2.5,1.5,2,2,227,1.60834574699402,160,45,1,1,0,1,783
738588,1558715,198,4,8,9,7,1030,4.83809900283813,97,37,1,0,1,0,552.6
660258,1398110,241,4.4,9,9.8,5.7,2280,7.44070386886597,210,50,0,0,0,0,427.153846153846
738588,1558716,180,4,8,9,6.5,875,4.10069704055786,97,37,1,0,1,0,557.1
642706,1362551,111,4.5,8.5,9.2,6,682,5.36785650253296,170,28,1,1,0,0,1116
147210,364532,225,4.2,9.1,9.4,3,2101,7.75707530975342,222.22,230,0,0,0,0,431.307692307692
642706,1364062,111,4,8,9,5,612,4.23323440551758,170,28,1,1,0,0,1125
669138,1415671,119,4,8,8.3,5,541,3.94388651847839,135,35,1,0,1,1,1128.6
747671,1575365,108,2,3,3,3,282,1.46068060398102,160,117,1,0,0,0,1410.75
623960,1316162,180,4,4,5,5,599,2.16067290306091,185,105,1,0,0,1,630
691223,1467741,29,4,8,9,6,129,4.56686639785767,240,25,1,1,0,1,1905
572809,1328098,85,3.7,6,6,5,248,2.23269724845886,168,58,1,1,0,1,1153.8
720882,1522328,238,3.5,6,8,5,991,3.64349722862244,176,87,1,0,1,1,642
740458,1562172,84,3.4,3,4.4,3.6,316,2.39796328544617,160,45,1,1,0,1,826.714285714286
722797,1525815,80,2.5,3,3,3,236,1.51105916500092,180,72,1,0,0,1,417.214285714286
630897,1331749,294,4,9,9.2,7,1856,5.70186901092529,200,40,1,0,1,1,417.857142857143
696351,1478468,70,3,3,3,3,158,1.5993367433548,96,79,1,0,0,1,1467
469377,1264503,180,3.5,7.8,9.3,5,1004,6.25326108932495,176,498,0,0,0,0,452.769230769231
688824,1480578,88,3,5,5,4,285,2.2246880531311,190,60,1,0,0,1,1180.8
724120,1532415,100,3.8,6,7,5,503,2.99870014190674,190,36,1,0,0,1,545.727272727273
673290,1516308,88,4.5,8,9,5,479,4.03734397888184,148,34,1,1,0,1,759.375
656179,1390353,122,3,3.5,4.5,3,348,1.65243220329285,130,74,1,0,0,1,470.769230769231
147210,653685,226,4,7.5,8.5,3,1587,4.25013113021851,222.22,230,0,0,0,0,470.769230769231
738588,1558714,198,4,7,7.5,6,796,3.02536773681641,97,37,1,0,1,0,612
714329,1509786,215,3,5,5,3,569,1.85182678699493,146,157,1,1,0,1,439.714285714286
669138,1418390,119,3.7,6,8,5,533,3.11285710334778,135,35,1,0,1,1,1236.6
742454,1566011,309,4.2,7.1,8.7,6.7,1183,4.12499666213989,156,39,1,0,0,1,1265.4
720402,1538079,181,3.5,4,5,4,617,2.05891466140747,161,103,1,1,0,1,532.5
572809,1500551,85,4,8,9,6,444,3.96432638168335,168,58,1,1,0,1,1287
724120,1529021,100,4,8,9,6,588,4.1209511756897,190,36,1,0,0,1,585.818181818182
647452,1517974,212,4,8,9.3,6,1322,5.91525983810425,240,167,1,0,0,1,497.769230769231
547821,1161895,114,3,4,5.5,4,431,2.36338591575623,201,61,1,0,0,1,543.75
708607,1572604,48,5.3,6,6.5,6,131,1.99875319004059,100,26,1,0,0,0,1108.5
592768,1254207,308,4,8,8,5,1315,3.65807795524597,117,30,1,1,0,1,513.692307692308
581787,1483056,118,3,3.5,5,3,444,2.23594093322754,170,177,1,0,0,0,837
720882,1522333,234,4.2,8,9.5,7,1388,6.20642805099487,176,87,1,0,1,1,745
758344,1596104,97,3,4,5,4,369,2.22142481803894,200,74,1,1,0,1,1683
658919,1533513,67,3,2,3,2,144,1.11291182041168,160,43,1,1,0,0,565.5
592768,1254208,308,4,8,8,5,1183,4.12024021148682,117,30,1,1,0,1,522.692307692308
581787,1481178,118,5,9,9.4,6,842,5.08579206466675,170,177,1,0,0,0,851.625
696351,1477920,71,3.5,4,5,4,233,2.01562213897705,96,79,1,0,0,1,1707.75
700384,1482746,103,3.5,4,7.5,4,446,3.19204521179199,173,73,1,0,0,1,2325
747671,1575366,108,2.5,4,5,4,359,2.22766137123108,160,117,1,0,0,0,1752.75
663138,1404052,32,3.6,7,8.5,6,175,3.94321584701538,185,24,1,1,0,1,1404
478303,1021578,241,4,8,9.5,4,1478,8.56015396118164,220,387,0,0,0,0,544.153846153846
737128,1555810,73,2.5,3,3.5,2,201,1.47971057891846,160,134,1,0,0,0,1010.57142857143
477006,1019973,84,4.3,8,8,6,400,4.2131462097168,172,27,1,1,0,0,509.142857142857
562299,1539184,116,3.6,6,8,4,526,2.98602724075317,142,52,1,0,0,0,713.7
692068,1464588,83,3.6,6,8.3,4.7,486,3.64366865158081,201,45,1,0,0,0,549.692307692308
748273,1576397,86,4,6,9,6,417,4.40985345840454,160,37,1,1,0,1,2382
750391,1581213,68,4,8,9,6,401,4.63371133804321,185,26,1,0,1,1,2388
419257,1588910,118,3.5,9,9.6,6,713,6.33001232147217,100,71,1,0,0,1,901.125
469377,1073278,180,4.2,8.2,9.2,6.2,1017,5.53002166748047,176,498,0,0,0,0,564.923076923077
430926,929614,85,3.5,4,4,4,245,1.72813999652863,132,76,1,1,0,1,734.4
742785,1566634,298,3.2,8,9.4,5.2,2109,6.28911590576172,175,58,1,0,0,1,1053
147210,512000,225,4,8.5,9.2,3,1895,6.33028888702393,222.22,230,0,0,0,0,568.384615384615
745838,1573860,106,4,6.5,8,5.5,587,3.35449552536011,170,51,1,0,0,1,623.25
419257,1494695,110,3.5,3,5,3.5,389,2.22676181793213,100,71,1,0,0,1,946.125
722797,1526598,82,4.2,8.7,9.2,5,503,5.6742115020752,180,72,1,0,0,1,541.928571428571
695009,1483488,89,3.8,7,8.5,6,516,4.00949764251709,160,58,1,0,0,0,844
680533,1447682,87,3,3,3,3,273,1.81594800949097,187,91,1,1,0,1,845
572809,1213620,85,4,8,9,6,483,4.70275354385376,168,58,1,1,0,1,1530
647452,1564927,194,2.3,4,5,3,660,1.98659372329712,240,167,1,0,0,1,590.538461538462
446774,959408,200,3,4,5.4,4,576,2.11897850036621,180,529,0,0,0,0,591.923076923077
692068,1464448,97,4,8.7,9.7,6,867,5.89216470718384,201,45,1,0,0,0,600.230769230769
710379,1502585,86,6.5,7,7.5,6,302,3.66202831268311,146,33,1,1,0,1,558
562299,1188840,116,4.5,9,9.5,5.5,841,5.51764631271362,142,52,1,0,0,0,783
569820,1227832,165,3.4,5.5,6.5,4,617,2.96579003334045,120,38,1,0,1,0,560.571428571429
647452,1371599,227,4,9.5,9.8,5,1662,7.44305038452148,240,167,1,0,0,1,607.153846153846
147210,1180753,225,4,8,9,3,1682,5.27684259414673,222.22,230,0,0,0,0,616.846153846154
748273,1576395,86,4.5,7,9,7,437,5.13450193405151,160,37,1,1,0,1,2676
426548,921005,297,4,8,8.5,8,1027,3.93720531463623,75,65,1,1,0,1,669.75
581787,1498537,118,4,8.7,9.2,5,950,5.55167245864868,170,177,1,0,0,0,1004.625
696085,1474641,232,4,7.5,9,5.5,1770,4.61787509918213,149,82,1,1,0,1,751.090909090909
645032,1366918,180,4.3,7,8.5,7,837,4.0656943321228,130,38,1,0,1,0,827.1
727098,1536940,87,3.8,6,8,5,432,3.19524550437927,170,38,1,1,0,1,833.4
572809,1500650,85,4.2,8,9.2,6,549,5.52171754837036,168,58,1,1,0,1,1686.6
696085,1496803,226,4,6,7,5,1081,3.13382077217102,149,82,1,1,0,1,767.454545454545
696085,1507863,227,3.8,7.5,8.5,5.5,1455,4.25061130523682,149,82,1,1,0,1,769.909090909091
740458,1562171,86,3.5,5,7,5,405,3.34343767166138,160,45,1,1,0,1,1216.28571428571
720882,1522330,225,3.8,8.5,9,5,1264,5.07504081726074,176,87,1,0,1,1,963
477006,1020830,84,4,6,7,5,342,3.02478337287903,172,27,1,1,0,0,626.142857142857
692068,1464583,78,4,7.5,9,5.5,517,4.6253833770752,201,45,1,0,0,0,679.153846153846
562299,1292224,116,4.2,8,9,5,765,3.9435031414032,142,52,1,0,0,0,887.4
696351,1475083,71,3.5,6.5,7.3,5.5,332,2.93822908401489,96,79,1,0,0,1,2241
688824,1481418,91,3,6,8.5,6,472,3.79037404060364,190,60,1,0,0,1,1816.2
658919,1395896,67,4.5,6,6.7,5,224,2.65046763420105,160,43,1,1,0,0,761.25
758344,1596106,97,3.5,6,8,5,531,3.41053175926208,200,74,1,1,0,1,2286
430926,929611,85,3,2,3,2,188,1.45878982543945,132,76,1,1,0,1,915.3
748964,1577683,320,4.5,8,9,6,1390,4.53448390960693,80,33,1,0,0,1,704.769230769231
680533,1442798,87,3.3,4,5.5,3,347,2.32077765464783,187,91,1,1,0,1,1020
663138,1403678,32,3.8,8.5,9,6.5,178,4.61157894134521,185,24,1,1,0,1,1837.8
722797,1525818,80,3,4,5,4,292,2.13610243797302,180,72,1,0,0,1,658.285714285714
720402,1520992,180,4,6,8,5,835,3.30457806587219,161,103,1,1,0,1,774
419257,1496707,118,3.5,5.5,7.5,5,559,3.35255885124207,100,71,1,0,0,1,1161
478303,1021579,241,4,8,10,4,1478,8.56015396118164,220,387,0,0,0,0,716.538461538462
704050,1489404,212,4.3,8,9,6,1180,4.79322099685669,155,65,1,0,0,1,724.846153846154
419257,1496709,118,4,8,9,6,623,4.7906494140625,100,71,1,0,0,1,1179
746506,1575271,86,3,4,5,4,299,2.02712345123291,163,122,1,1,0,1,859.909090909091
669138,1560482,119,4,8.3,8,5,551,4.17397022247314,135,35,1,0,1,1,1891.8
758344,1595304,97,4,9.1,9.3,5,612,5.61748790740967,200,74,1,1,0,1,2369.25
704050,1508380,196,4,5,7,5,846,3.30349206924438,155,65,1,0,0,1,731.076923076923
700384,1482745,105,4.2,8.5,9.3,6,644,5.46631145477295,173,73,1,0,0,1,3171
737128,1556734,73,3.5,5,5,4,237,1.99812042713165,160,134,1,0,0,0,1364.14285714286
720367,1520915,69,5,7,7,7,253,3.51525354385376,157.95,31,1,0,1,1,1918.8
419257,1506402,118,4,8.5,9.3,7,645,5.5333423614502,100,71,1,0,0,1,1201.5
737852,1558297,111,3,4,5,4,339,2.16165709495544,133.333,67,1,0,0,0,816.75
547821,1173869,116,4,8,9.2,6,853,5.27213430404663,201,61,1,0,0,1,820.5
753005,1585398,320,4.3,8.8,9.5,4,2387,6.10025501251221,154,44,1,0,0,1,1680
570679,1587090,88,3.8,9,9.4,6,682,6.36655330657959,240,414,1,1,0,1,1264.5
643513,1364701,140,3.5,3.5,5.5,3.5,380,1.90734112262726,160,77,1,0,0,0,1016.1
581787,1403838,118,3.5,5,7,3.5,640,3.01409459114075,170,177,1,0,0,0,1289.25
477006,1018937,84,4.5,9,9,6,436,5.26704549789429,172,27,1,1,0,0,740.571428571429
547821,1160206,117,4.5,9,9.3,6,829,5.67130756378174,201,61,1,0,0,1,864.75
623960,1320835,186,4,9,9,7,1155,5.25437307357788,185,105,1,0,0,1,1155
751977,1583071,180,4.1,7.5,8.3,5,809,4.07644605636597,176,29,1,0,0,1,1299.375
658919,1405574,67,4,7,7,5,218,3.25133490562439,160,43,1,1,0,0,882.75
623960,1318269,180,4,7,8,5,961,3.52012372016907,185,105,1,0,0,1,1188
722797,1527463,84,4.1,7.5,9,6,503,4.55831289291382,180,72,1,0,0,1,764.357142857143
688824,1477714,91,3,6,8,5,394,3.06170296669006,190,60,1,0,0,1,2142
717144,1528690,81,3,3,4,3,257,1.87459540367126,203,55,1,0,0,1,1195
656179,1408948,123,3.5,6,6.5,4.5,562,2.89262890815735,130,74,1,0,0,1,829.384615384615
630897,1335815,294,4,8,9,7,1776,5.03361082077026,200,40,1,0,1,1,772.071428571429
722797,1525817,85,3.8,7,9,6,486,4.98952388763428,180,72,1,0,0,1,779.785714285714
704050,1539871,198,4,7,9,6,941,4.32499313354492,155,65,1,0,0,1,841.153846153846
750391,1580208,68,4,8,9.3,6.2,395,4.98299598693848,185,26,1,0,1,1,3684
714329,1515652,222,4,8,9.2,6,1273,5.11663436889648,146,157,1,1,0,1,798.428571428571
714329,1510448,222,4,7,8,5,943,3.32308864593506,146,157,1,1,0,1,801.642857142857
647452,1571516,198,4,8,9,6,1126,5.47530508041382,240,167,1,0,0,1,866.076923076923
700384,1482747,103,4,6,9,5,555,4.58840751647949,173,73,1,0,0,1,3768
647452,1512594,217,3.8,5,6,5,891,2.64034914970398,240,167,1,0,0,1,874.384615384615
720402,1520991,191,4.2,8,9,6,990,4.97629690170288,161,103,1,1,0,1,947.25
581787,1478254,118,4,7.6,8.5,4,868,4.10266637802124,170,177,1,0,0,0,1424.25
547821,1161003,114,3.8,6,8,5,630,3.59827446937561,201,61,1,0,0,1,952.5
737852,1560823,123,3.7,6,8,5,711,3.40657043457031,133.333,67,1,0,0,0,955.5
727098,1535030,87,4,8,9,6,522,4.06874418258667,170,38,1,1,0,1,1150.2
716642,1514278,130,3.2,3.5,4.5,3,455,1.92099630832672,190,99,1,0,0,1,1441.125
758344,1596105,97,4.1,8,9,5,626,4.465895652771,200,74,1,1,0,1,2898
720402,1533376,190,4,7.5,9,6,903,4.51895618438721,161,103,1,1,0,1,975
723446,1543399,88,3,3,4,3,243,1.81631278991699,115,59,1,1,0,1,1066.90909090909
730808,1542373,307,4.2,8.7,9.6,5,1995,6.4131031036377,81,49,1,0,0,0,840.857142857143
412460,1069081,12,4,8,9.1,5.2,66,3.11547303199768,215,207,0,0,0,0,905.538461538462
643513,1364063,127,4.8,8,9.2,6,856,5.27370357513428,160,77,1,0,0,0,1180.8
412460,894744,235,4,9.2,9.8,5.6,2290,7.79796695709229,215,207,0,0,0,0,924.923076923077
723446,1541892,88,4,7,7,6,367,2.78708434104919,115,59,1,1,0,1,1097.18181818182
647452,1434589,202,4,7,8.2,6,1113,3.66970014572144,240,167,1,0,0,1,931.846153846154
740458,1562168,86,4,8,9,6,504,4.77997398376465,160,45,1,1,0,1,1739.57142857143
749297,1580117,87,3,3,4,2,230,1.42513048648834,205,150,1,1,0,1,880.714285714286
717528,1515830,306,7,7,8,6,1050,4.28548812866211,146,52,1,1,0,1,1394
716642,1514276,132,4,8.3,9.2,6,744,5.2100076675415,190,99,1,0,0,1,1570.5
419257,1518441,118,4,7,8.8,6,612,4.23103380203247,100,71,1,0,0,1,1571.625
743084,1583429,150,4,5.5,7.5,5,605,2.78174090385437,138,51,1,0,1,1,1421
745310,1571306,310,4,7.2,8,5.2,1233,4.30959844589233,122,19,1,0,1,1,1173.27272727273
581787,1477261,118,3.7,8,9,4.5,935,4.74404001235962,170,177,1,0,0,0,1613.25
727908,1571864,118,2.4,3,3.5,3,227,1.40400803089142,174,269,1,0,0,0,1186.36363636364
430926,929612,85,4,5,6,5,338,2.69186687469482,132,76,1,1,0,1,1317.6
688824,1461469,91,3,7,9,6,547,4.5401349067688,190,60,1,0,0,1,2667.6
716642,1514771,132,3.8,8.2,9.1,6,861,4.82104349136353,190,99,1,0,0,1,1671.75
570679,1212692,88,4,8.7,9.3,6,670,5.76755571365356,240,414,1,1,0,1,1690.875
747490,1575079,84,4,7,8,5,335,3.053386926651,78,59,1,1,0,1,4515
758344,1595303,97,3.8,8.7,9.2,5,594,5.12493562698364,200,74,1,1,0,1,3512.25
747671,1575510,108,3.5,6.5,7.5,5,407,3.05673742294312,160,117,1,0,0,0,3550.5
569820,1207908,172,3.8,8,8,5,737,3.55600190162659,120,38,1,0,1,0,1015.07142857143
643513,1564440,140,4.3,8,9,6.6,764,4.48191261291504,160,77,1,0,0,0,1429.2
570679,1210471,86,3,2,3,2,260,1.57229220867157,240,414,1,1,0,1,1796.625
643513,1377150,140,4,6,7.5,5,601,3.3596830368042,160,77,1,0,0,0,1439.1
623960,1316910,178,3,8,9,6,1060,4.67929601669312,185,105,1,0,0,1,1602
727098,1535031,87,4.5,9,9.2,7,466,4.97704029083252,170,38,1,1,0,1,1454.4
722797,1526455,84,4,8,9.2,7,515,5.465904712677,180,72,1,0,0,1,1068.42857142857
547821,1160890,113,4,7,9,6,723,4.51141023635864,201,61,1,0,0,1,1273.5
737852,1564294,112,3.5,9,9.4,6,849,5.50317478179932,133.333,67,1,0,0,0,1311
469377,1073275,180,3.8,7.5,9,5.5,1015,4.64713048934937,176,498,0,0,0,0,1221.23076923077
581787,1543159,118,4.3,9,9.3,5.4,949,6.0763201713562,170,177,1,0,0,0,1986.75
714329,1545944,222,4,8,9,7,1227,4.29223442077637,146,157,1,1,0,1,1159.07142857143
716642,1519143,125,3.5,6,8,5,601,3.1787531375885,190,99,1,0,0,1,2037.375
717144,1529704,80,3.5,4,5,4,304,2.34043145179749,203,55,1,0,0,1,1848
656179,1390352,126,4.3,8.5,9.3,5.7,778,5.27330446243286,130,74,1,0,0,1,1281.46153846154
570679,1218838,88,3.8,8.6,9.3,6,674,5.29830455780029,240,414,1,1,0,1,2103.75
570679,1541853,88,4,9.4,9.6,6,702,7.16870975494385,240,414,1,1,0,1,2112.75
570679,1211730,88,4,8,9.2,6,647,4.9228720664978,240,414,1,1,0,1,2128.5
745838,1573638,106,4,7.5,9,6,603,4.64178800582886,170,51,1,0,0,1,1428.75
717144,1529888,81,3.5,6,8,4,449,3.52633023262024,203,55,1,0,0,1,1907
647452,1569291,220,3.8,7.5,9,6.5,1470,4.55909824371338,240,167,1,0,0,1,1325.07692307692
623960,1315116,186,4,9,9.3,8,1185,6.12667369842529,185,105,1,0,0,1,1968
740458,1562169,85,3.8,7.2,8.8,5.2,464,4.36458969116211,160,45,1,1,0,1,2543.14285714286
746506,1575110,86,3.8,6.5,8,5,461,3.35525560379028,163,122,1,1,0,1,1625.72727272727
688824,1458199,91,3.5,8,9.2,6,566,5.35496282577515,190,60,1,0,0,1,3623.4
469377,1073279,180,4,8.7,9.4,6,1035,6.51918029785156,176,498,0,0,0,0,1399.84615384615
722797,1525816,81,4,6,8,5,431,3.12734413146973,180,72,1,0,0,1,1300.5
727908,1541746,119,3.7,4,5.5,4,296,1.74739837646484,174,269,1,0,0,0,1660.09090909091
721804,1543229,160,2.7,4,5,3,760,2.32625722885132,185,458,1,0,0,1,2737.28571428571
746506,1578185,86,4.2,9.1,9.2,7,471,5.41089057922363,163,122,1,1,0,1,1758.27272727273
716642,1514277,132,4,8,9,5.5,808,4.3103199005127,190,99,1,0,0,1,2434.5
749297,1578347,87,3,4,5.5,4,325,2.24556183815002,205,150,1,1,0,1,1429.07142857143
737852,1559778,108,4,8,9,5,791,4.56796169281006,133.333,67,1,0,0,0,1673.25
680533,1447683,87,3.8,5,7.5,5,472,3.31579351425171,187,91,1,1,0,1,2253
696351,1509517,71,3.5,7,9,7,368,3.83971261978149,96,79,1,0,0,1,5078.25
722797,1533233,85,4,9,9.3,7,533,5.89078569412231,180,72,1,0,0,1,1469.57142857143
737128,1556368,73,4,6,7.5,5,330,3.19529700279236,160,134,1,0,0,0,2977.71428571429
740535,1562307,87,3,5,6,4,244,2.05185341835022,175,139,1,0,0,0,1932.54545454545
717144,1538507,81,4,8,9.2,6,531,5.46559000015259,203,55,1,0,0,1,2402
570679,1214824,86,3,4,5,4,325,2.14430952072144,240,414,1,1,0,1,2711.25
746506,1573321,86,3.6,9,9.2,6,477,5.39270210266113,163,122,1,1,0,1,1996.36363636364
714329,1509639,222,4,8.5,9.5,6,1370,6.04426527023315,146,157,1,1,0,1,1582.71428571429
723446,1527360,88,4.3,8,8,6,430,4.05214595794678,115,59,1,1,0,1,2016
716642,1514275,135,3.7,9.2,9.4,6.3,883,6.01273727416992,190,99,1,0,0,1,2795.625
737852,1557181,117,4,9.5,9.5,6,951,6.36476850509644,133.333,67,1,0,0,0,1880.25
717144,1515170,81,4,8,9.1,6,525,4.84276866912842,203,55,1,0,0,1,2561
656179,1390392,126,3.8,8.3,8.2,6,617,4.31719493865967,130,74,1,0,0,1,1775.07692307692
570679,1214825,88,3.3,5,6.5,4.5,409,2.71860504150391,240,414,1,1,0,1,2917.125
722797,1526255,82,4,7,9,6,489,4.50965118408203,180,72,1,0,0,1,1683.64285714286
721804,1524104,203,4,8.5,9.4,6,1459,6.23115253448486,185,458,1,0,0,1,3376.28571428571
737128,1556636,73,4.1,7,8.7,5,341,4.3197546005249,160,134,1,0,0,0,3385.28571428571
721804,1531843,195,3.7,6.4,7.5,5,1030,3.22514772415161,185,458,1,0,0,1,3435.42857142857
446774,959407,200,3.8,8,8.9,6,980,3.68349814414978,180,529,0,0,0,0,1858.15384615385
721804,1557471,203,4,8,9.3,6,1409,5.4987359046936,185,458,1,0,0,1,3575.57142857143
745838,1572198,106,4.2,8.8,9.2,6,616,5.7547173500061,170,51,1,0,0,1,2096.25
721804,1524103,200,4.3,9.5,9.7,6,1397,7.69210958480835,185,458,1,0,0,1,3643.71428571429
680533,1454948,87,3.7,8.5,9.2,6,543,5.43077945709229,187,91,1,1,0,1,2895
749297,1580039,87,4,6,8,6,464,3.19652533531189,205,150,1,1,0,1,1923.42857142857
747671,1575364,108,4.2,7.5,9,6,495,4.24306154251099,160,117,1,0,0,0,7056
727908,1580808,119,3.8,8,8.5,6,652,3.53473520278931,174,269,1,0,0,0,2595.27272727273
570679,1219573,88,4,6.7,8,5,542,3.77843236923218,240,414,1,1,0,1,3648.375
707032,1494828,314,4,9,9.5,6,2362,6.26332187652588,180,100,1,0,0,0,3018.6
680533,1450027,87,4.1,7,9,6,537,4.57819080352783,187,91,1,1,0,1,3468
721804,1551961,203,4.3,8,9.2,5,1365,5.34655570983887,185,458,1,0,0,1,4545
757410,1594969,72,2.5,4,4.5,4,209,1.87103998661041,75,248,1,0,0,0,7958.25
570679,1212291,88,4,7.5,9,6,574,4.14378213882446,240,414,1,1,0,1,4033.125
758344,1595191,97,3.8,9.2,9.4,5.2,601,6.03294038772583,200,74,1,1,0,1,8138.25
446774,959406,199,4,8.8,9.5,7,1034,5.51293325424194,180,529,0,0,0,0,2515.84615384615
740535,1562305,87,3.5,6,8,6,336,3.29564929008484,175,139,1,0,0,0,3015
430926,929613,88,4,7.5,8,6,393,3.62725329399109,132,76,1,1,0,1,3453.3
746506,1574296,86,4,8.7,9.1,6,495,5.02288341522217,163,122,1,1,0,1,3568.09090909091
727908,1538777,119,4,7,8,6,686,3.06771636009216,174,269,1,0,0,0,3680.18181818182
757410,1594554,72,3,6,7,5,264,2.59488582611084,75,248,1,0,0,0,10957.5
727908,1571863,119,4,9,9.3,6.4,780,5.32896947860718,174,269,1,0,0,0,3996.81818181818
740535,1562308,87,4.2,8.5,9,6,438,4.95218372344971,175,139,1,0,0,0,4049.18181818182
740535,1562306,86,4,7,9,5,325,4.13948202133179,175,139,1,0,0,0,4091.72727272727
746506,1573762,85,4,8,8.7,5,477,4.22883605957031,163,122,1,1,0,1,4181.72727272727
749297,1578307,87,4.2,8,9,6,497,4.27352905273438,205,150,1,1,0,1,3341.57142857143
737128,1555610,73,4,8.1,9,6,349,4.74891662597656,160,134,1,0,0,0,6944.14285714286
680533,1438917,87,4.3,8.7,9.3,7,539,6.14065361022949,187,91,1,1,0,1,5523
746506,1573320,86,3.8,9.2,9.2,5.2,469,5.68722724914551,163,122,1,1,0,1,5145.54545454545
721804,1531842,203,4,7.5,9,5,1303,4.54042911529541,185,458,1,0,0,1,8454.85714285714
727908,1558497,119,4,8,9,6,696,4.64199209213257,174,269,1,0,0,0,5707.63636363636
757410,1593847,72,3.5,7,8,5.5,291,3.49098205566406,75,248,1,0,0,0,19671.75
757410,1593361,77,4,8,8.5,6,319,4.29089498519897,75,248,1,0,0,0,24696
737128,1556336,73,4,9,9.3,6,346,5.43303489685059,160,134,1,0,0,0,16935.4285714286
